RECORD,SPECIES,PRESENCE,CAMS,SITE,MONTH,DATE,DAY,YEAR,ORDINAL.DATE,ALL.RESTS,SEASON,WINT.SPR.DAY,WINTER.DAY ,SPRING.DAY,DATE.CYCLE,,
8085,NO,0,1,TORQUHAN,12,31/12/2016,31,16,366,0,WINTER,1,1,NA,1,,
8086,NO,0,1,TORQUHAN,1,01/01/2017,1,17,1,0,WINTER,2,2,NA,1,,
8087,NO,0,1,TORQUHAN,1,02/01/2017,2,17,2,0,WINTER,3,3,NA,1,,
8088,NO,0,1,TORQUHAN,1,03/01/2017,3,17,3,0,WINTER,4,4,NA,1,,
8089,NO,0,1,TORQUHAN,1,04/01/2017,4,17,4,0,WINTER,5,5,NA,1,,
8090,NO,0,1,TORQUHAN,1,05/01/2017,5,17,5,0,WINTER,6,6,NA,1,,
8091,NO,0,1,TORQUHAN,1,06/01/2017,6,17,6,0,WINTER,7,7,NA,1,,
8092,NO,0,1,TORQUHAN,1,07/01/2017,7,17,7,0,WINTER,8,8,NA,1,,
8093,NO,0,1,TORQUHAN,1,08/01/2017,8,17,8,0,WINTER,9,9,NA,1,,
8094,NO,0,1,TORQUHAN,1,09/01/2017,9,17,9,0,WINTER,10,10,NA,1,,
8095,O,1,1,TORQUHAN,1,10/01/2017,10,17,10,0,WINTER,11,11,NA,1,,
8096,NO,0,1,TORQUHAN,1,11/01/2017,11,17,11,0,WINTER,12,12,NA,1,,
8097,NO,0,1,TORQUHAN,1,12/01/2017,12,17,12,0,WINTER,13,13,NA,1,,
8098,NO,0,1,TORQUHAN,1,13/01/2017,13,17,13,0,WINTER,14,14,NA,1,,
8099,NO,0,1,TORQUHAN,1,14/01/2017,14,17,14,0,WINTER,15,15,NA,1,,
8100,NO,0,1,TORQUHAN,1,15/01/2017,15,17,15,0,WINTER,16,16,NA,1,,
8101,NO,0,1,TORQUHAN,1,16/01/2017,16,17,16,0,WINTER,17,17,NA,1,,
8102,NO,0,1,TORQUHAN,1,17/01/2017,17,17,17,0,WINTER,18,18,NA,1,,
8103,NO,0,1,TORQUHAN,1,19/01/2017,19,17,19,0,WINTER,19,19,NA,1,,
8104,O,1,1,TORQUHAN,1,20/01/2017,20,17,20,0,WINTER,20,20,NA,1,,
8105,NO,0,1,TORQUHAN,1,21/01/2017,21,17,21,0,WINTER,21,21,NA,1,,
8106,NO,0,1,TORQUHAN,1,22/01/2017,22,17,22,0,WINTER,22,22,NA,1,,
8107,NO,0,1,TORQUHAN,1,23/01/2017,23,17,23,0,WINTER,23,23,NA,1,,
8108,CAMS.DEFUNCT,GAP,0,TORQUHAN,1,24/01/2017,24,17,24,0,WINTER,24,24,NA,1,,
8109,CAMS.DEFUNCT,GAP,0,TORQUHAN,1,25/01/2017,25,17,25,0,WINTER,25,25,NA,1,,
8110,NO,0,1,TORQUHAN,1,26/01/2017,26,17,26,0,WINTER,26,26,NA,1,,
8111,NO,0,1,TORQUHAN,1,27/01/2017,27,17,27,0,WINTER,27,27,NA,1,,
8112,NO,0,1,TORQUHAN,1,28/01/2017,28,17,28,0,WINTER,28,28,NA,1,,
8113,NO,0,1,TORQUHAN,1,29/01/2017,29,17,29,0,WINTER,29,29,NA,1,,
8114,NO,0,1,TORQUHAN,1,30/01/2017,30,17,30,0,WINTER,30,30,NA,1,,
8115,NO,0,1,TORQUHAN,1,31/01/2017,31,17,31,0,WINTER,31,31,NA,1,,
8116,NO,0,1,TORQUHAN,2,01/02/2017,1,17,32,0,WINTER,32,32,NA,1,,
8117,NO,0,1,TORQUHAN,2,02/02/2017,2,17,33,0,WINTER,33,33,NA,1,,
8118,NO,0,1,TORQUHAN,2,03/02/2017,3,17,34,0,WINTER,34,34,NA,1,,
8119,NO,0,1,TORQUHAN,2,04/02/2017,4,17,35,0,WINTER,35,35,NA,1,,
8120,NO,0,1,TORQUHAN,2,05/02/2017,5,17,36,0,WINTER,36,36,NA,1,,
8121,NO,0,1,TORQUHAN,2,06/02/2017,6,17,37,0,WINTER,37,37,NA,1,,
8122,NO,0,1,TORQUHAN,2,07/02/2017,7,17,38,0,WINTER,38,38,NA,1,,
8123,NO,0,1,TORQUHAN,2,08/02/2017,8,17,39,0,WINTER,39,39,NA,1,,
8124,REST,,1,TORQUHAN,2,09/02/2017,9,17,40,1,WINTER,40,40,NA,1,,
8127,NO,0,1,TORQUHAN,2,10/02/2017,10,17,41,0,WINTER,41,41,NA,1,,
8128,NO,0,1,TORQUHAN,2,11/02/2017,11,17,42,0,WINTER,42,42,NA,1,,
8129,NO,0,1,TORQUHAN,2,12/02/2017,12,17,43,0,WINTER,43,43,NA,1,,
8130,REST,,1,TORQUHAN,2,13/02/2017,13,17,44,1,WINTER,44,44,NA,1,,
8134,NO,0,1,TORQUHAN,2,14/02/2017,14,17,45,0,WINTER,45,45,NA,1,,
8135,NO,0,1,TORQUHAN,2,15/02/2017,15,17,46,0,WINTER,46,46,NA,1,,
8136,REST,,1,TORQUHAN,2,16/02/2017,16,17,47,1,WINTER,47,47,NA,1,,
8137,NO,0,1,TORQUHAN,2,17/02/2017,17,17,48,0,WINTER,48,48,NA,1,,
8138,NO,0,1,TORQUHAN,2,18/02/2017,18,17,49,0,WINTER,49,49,NA,1,,
8139,REST,,1,TORQUHAN,2,19/02/2017,19,17,50,1,WINTER,50,50,NA,1,,
8140,CAMS.DEFUNCT,GAP,0,TORQUHAN,2,20/02/2017,20,17,51,0,WINTER,51,51,NA,1,,
8141,NO,0,1,TORQUHAN,2,21/02/2017,21,17,52,0,WINTER,52,52,NA,1,,
8142,NO,0,1,TORQUHAN,2,22/02/2017,22,17,53,0,WINTER,53,53,NA,1,,
8143,O,1,1,TORQUHAN,2,23/02/2017,23,17,54,0,WINTER,54,54,NA,1,,
8147,NO,0,1,TORQUHAN,2,24/02/2017,24,17,55,0,WINTER,55,55,NA,1,,
8148,REST,,1,TORQUHAN,2,25/02/2017,25,17,56,1,WINTER,56,56,NA,1,,
8149,NO,0,1,TORQUHAN,2,26/02/2017,26,17,57,0,WINTER,57,57,NA,1,,
8150,REST,,1,TORQUHAN,2,27/02/2017,27,17,58,1,WINTER,58,58,NA,1,,
8151,O,1,1,TORQUHAN,2,28/02/2017,28,17,59,0,WINTER,59,59,NA,1,,
8152,REST,,1,TORQUHAN,3,01/03/2017,1,17,60,1,SPRING,60,NA,1,1,,
8154,REST,,1,TORQUHAN,3,02/03/2017,2,17,61,1,SPRING,61,NA,2,1,,
8155,O,1,1,TORQUHAN,3,03/03/2017,3,17,62,0,SPRING,62,NA,3,1,,
8156,O,1,1,TORQUHAN,3,04/03/2017,4,17,63,0,SPRING,63,NA,4,1,,
8157,O,1,1,TORQUHAN,3,05/03/2017,5,17,64,0,SPRING,64,NA,5,1,,
8158,NO,0,1,TORQUHAN,3,06/03/2017,6,17,65,0,SPRING,65,NA,6,1,,
8159,NO,0,1,TORQUHAN,3,07/03/2017,7,17,66,0,SPRING,66,NA,7,1,,
8160,NO,0,1,TORQUHAN,3,08/03/2017,8,17,67,0,SPRING,67,NA,8,1,,
8161,NO,0,1,TORQUHAN,3,09/03/2017,9,17,68,0,SPRING,68,NA,9,1,,
8162,NO,0,1,TORQUHAN,3,10/03/2017,10,17,69,0,SPRING,69,NA,10,1,,
8163,O,1,1,TORQUHAN,3,11/03/2017,11,17,70,0,SPRING,70,NA,11,1,,
8165,REST,,1,TORQUHAN,3,12/03/2017,12,17,71,1,SPRING,71,NA,12,1,,
8166,O,1,1,TORQUHAN,3,13/03/2017,13,17,72,0,SPRING,72,NA,13,1,,
8167,NO,0,1,TORQUHAN,3,14/03/2017,14,17,73,0,SPRING,73,NA,14,1,,
8168,REST,,1,TORQUHAN,3,15/03/2017,15,17,74,1,SPRING,74,NA,15,1,,
8169,O,1,1,TORQUHAN,3,16/03/2017,16,17,75,0,SPRING,75,NA,16,1,,
8170,O,1,1,TORQUHAN,3,17/03/2017,17,17,76,0,SPRING,76,NA,17,1,,
8171,O,1,1,TORQUHAN,3,18/03/2017,18,17,77,0,SPRING,77,NA,18,1,,
8174,NO,0,1,TORQUHAN,3,19/03/2017,19,17,78,0,SPRING,78,NA,19,1,,
8175,O,1,1,TORQUHAN,3,20/03/2017,20,17,79,0,SPRING,79,NA,20,1,,
8176,REST,,1,TORQUHAN,3,21/03/2017,21,17,80,1,SPRING,80,NA,21,1,,
8179,O,1,1,TORQUHAN,3,22/03/2017,22,17,81,0,SPRING,81,NA,22,1,,
8180,O,1,1,TORQUHAN,3,23/03/2017,23,17,82,0,SPRING,82,NA,23,1,,
8182,O,1,1,TORQUHAN,3,24/03/2017,24,17,83,0,SPRING,83,NA,24,1,,
8183,REST,,1,TORQUHAN,3,25/03/2017,25,17,84,1,SPRING,84,NA,25,1,,
8185,NO,0,1,TORQUHAN,3,26/03/2017,26,17,85,0,SPRING,85,NA,26,1,,
8186,O,1,1,TORQUHAN,3,27/03/2017,27,17,86,0,SPRING,86,NA,27,1,,
8188,O,1,1,TORQUHAN,3,28/03/2017,28,17,87,0,SPRING,87,NA,28,1,,
8189,NO,0,1,TORQUHAN,3,29/03/2017,29,17,88,0,SPRING,88,NA,29,1,,
8190,O,1,1,TORQUHAN,3,30/03/2017,30,17,89,0,SPRING,89,NA,30,1,,
8191,NO,0,1,TORQUHAN,3,31/03/2017,31,17,90,0,SPRING,90,NA,31,1,,
8192,O,1,1,TORQUHAN,4,01/04/2017,1,17,91,0,SPRING,91,NA,32,1,,
8193,NO,0,1,TORQUHAN,4,02/04/2017,2,17,92,0,SPRING,92,NA,33,1,,
8194,O,1,1,TORQUHAN,4,03/04/2017,3,17,93,0,SPRING,93,NA,34,1,,
8196,NO,0,1,TORQUHAN,4,04/04/2017,4,17,94,0,SPRING,94,NA,35,1,,
8197,O,1,1,TORQUHAN,4,05/04/2017,5,17,95,0,SPRING,95,NA,36,1,,
8198,NO,0,1,TORQUHAN,4,06/04/2017,6,17,96,0,SPRING,96,NA,37,1,,
8199,REST,,1,TORQUHAN,4,07/04/2017,7,17,97,1,SPRING,97,NA,38,1,,
8202,REST,,1,TORQUHAN,4,08/04/2017,8,17,98,1,SPRING,98,NA,39,1,,
8203,NO,0,1,TORQUHAN,4,09/04/2017,9,17,99,0,SPRING,99,NA,40,1,,
8204,NO,0,1,TORQUHAN,4,10/04/2017,10,17,100,0,SPRING,100,NA,41,1,,
8205,O,1,1,TORQUHAN,4,11/04/2017,11,17,101,0,SPRING,101,NA,42,1,,
8208,REST,,1,TORQUHAN,4,12/04/2017,12,17,102,1,SPRING,102,NA,43,1,,
8211,NO,0,1,TORQUHAN,4,13/04/2017,13,17,103,0,SPRING,103,NA,44,1,,
8212,NO,0,1,TORQUHAN,4,14/04/2017,14,17,104,0,SPRING,104,NA,45,1,,
8213,NO,0,1,TORQUHAN,4,15/04/2017,15,17,105,0,SPRING,105,NA,46,1,,
8214,NO,0,1,TORQUHAN,4,16/04/2017,16,17,106,0,SPRING,106,NA,47,1,,
8215,O,1,1,TORQUHAN,4,17/04/2017,17,17,107,0,SPRING,107,NA,48,1,,
8216,NO,0,1,TORQUHAN,4,18/04/2017,18,17,108,0,SPRING,108,NA,49,1,,
8217,NO,0,1,TORQUHAN,4,19/04/2017,19,17,109,0,SPRING,109,NA,50,1,,
8218,NO,0,1,TORQUHAN,4,20/04/2017,20,17,110,0,SPRING,110,NA,51,1,,
8219,NO,0,1,TORQUHAN,4,21/04/2017,21,17,111,0,SPRING,111,NA,52,1,,
8220,NO,0,1,TORQUHAN,4,22/04/2017,22,17,112,0,SPRING,112,NA,53,1,,
8221,O,1,1,TORQUHAN,4,23/04/2017,23,17,113,0,SPRING,113,NA,54,1,,
8223,NO,0,1,TORQUHAN,4,24/04/2017,24,17,114,0,SPRING,114,NA,55,1,,
8224,O,1,1,TORQUHAN,4,25/04/2017,25,17,115,0,SPRING,115,NA,56,1,,
8226,NO,0,1,TORQUHAN,4,26/04/2017,26,17,116,0,SPRING,116,NA,57,1,,
8227,NO,0,1,TORQUHAN,4,27/04/2017,27,17,117,0,SPRING,117,NA,58,1,,
8228,O,1,1,TORQUHAN,4,28/04/2017,28,17,118,0,SPRING,118,NA,59,1,,
8229,O,1,1,TORQUHAN,4,29/04/2017,29,17,119,0,SPRING,119,NA,60,1,,
8233,NO,0,1,TORQUHAN,4,30/04/2017,30,17,120,0,SPRING,120,NA,61,1,,
8234,REST,,1,TORQUHAN,5,01/05/2017,1,17,121,1,SPRING,121,NA,62,1,,
8236,NO,0,1,TORQUHAN,5,02/05/2017,2,17,122,0,SPRING,122,NA,63,1,,
8237,NO,0,1,TORQUHAN,5,03/05/2017,3,17,123,0,SPRING,123,NA,64,1,,
8238,NO,0,1,TORQUHAN,5,04/05/2017,4,17,124,0,SPRING,124,NA,65,1,,
8239,NO,0,1,TORQUHAN,5,05/05/2017,5,17,125,0,SPRING,125,NA,66,1,,
8240,NO,0,1,TORQUHAN,5,06/05/2017,6,17,126,0,SPRING,126,NA,67,1,,
8241,NO,0,1,TORQUHAN,5,07/05/2017,7,17,127,0,SPRING,127,NA,68,1,,
8242,O,1,1,TORQUHAN,5,08/05/2017,8,17,128,0,SPRING,128,NA,69,1,,
8243,NO,0,1,TORQUHAN,5,09/05/2017,9,17,129,0,SPRING,129,NA,70,1,,
8244,NO,0,1,TORQUHAN,5,10/05/2017,10,17,130,0,SPRING,130,NA,71,1,,
8245,NO,0,1,TORQUHAN,5,11/05/2017,11,17,131,0,SPRING,131,NA,72,1,,
8246,NO,0,1,TORQUHAN,5,12/05/2017,12,17,132,0,SPRING,132,NA,73,1,,
8247,NO,0,1,TORQUHAN,5,13/05/2017,13,17,133,0,SPRING,133,NA,74,1,,
8248,NO,0,1,TORQUHAN,5,14/05/2017,14,17,134,0,SPRING,134,NA,75,1,,
8249,NO,0,1,TORQUHAN,5,15/05/2017,15,17,135,0,SPRING,135,NA,76,1,,
8250,NO,0,1,TORQUHAN,5,16/05/2017,16,17,136,0,SPRING,136,NA,77,1,,
8251,CAMS.DEFUNCT,GAP,0,TORQUHAN,5,17/05/2017,17,17,137,0,SPRING,137,NA,78,1,,
8252,CAMS.DEFUNCT,GAP,0,TORQUHAN,5,18/05/2017,18,17,138,0,SPRING,138,NA,79,1,,
8253,NO,0,1,TORQUHAN,5,19/05/2017,19,17,139,0,SPRING,139,NA,80,1,,
8254,O,1,1,TORQUHAN,5,20/05/2017,20,17,140,0,SPRING,140,NA,81,1,,
8255,NO,0,1,TORQUHAN,5,21/05/2017,21,17,141,0,SPRING,141,NA,82,1,,
8256,NO,0,1,TORQUHAN,5,22/05/2017,22,17,142,0,SPRING,142,NA,83,1,,
8257,NO,0,1,TORQUHAN,5,23/05/2017,23,17,143,0,SPRING,143,NA,84,1,,
8258,NO,0,1,TORQUHAN,5,24/05/2017,24,17,144,0,SPRING,144,NA,85,1,,
8259,NO,0,1,TORQUHAN,5,25/05/2017,25,17,145,0,SPRING,145,NA,86,1,,
8260,O,1,1,TORQUHAN,5,26/05/2017,26,17,146,0,SPRING,146,NA,87,1,,
8261,NO,0,1,TORQUHAN,5,27/05/2017,27,17,147,0,SPRING,147,NA,88,1,,
8262,NO,0,1,TORQUHAN,5,28/05/2017,28,17,148,0,SPRING,148,NA,89,1,,
8263,NO,0,1,TORQUHAN,5,29/05/2017,29,17,149,0,SPRING,149,NA,90,1,,
8264,NO,0,1,TORQUHAN,5,30/05/2017,30,17,150,0,SPRING,150,NA,91,1,,
8265,NO,0,1,TORQUHAN,5,31/05/2017,31,17,151,0,SPRING,151,NA,92,1,,
8266,NO,0,1,TORQUHAN,6,01/06/2017,1,17,152,0,SUMMER,NA,NA,NA,NA,,
8267,NO,0,1,TORQUHAN,6,02/06/2017,2,17,153,0,SUMMER,NA,NA,NA,NA,,
8268,NO,0,1,TORQUHAN,6,03/06/2017,3,17,154,0,SUMMER,NA,NA,NA,NA,,
8269,NO,0,1,TORQUHAN,6,04/06/2017,4,17,155,0,SUMMER,NA,NA,NA,NA,,
8270,NO,0,1,TORQUHAN,6,05/06/2017,5,17,156,0,SUMMER,NA,NA,NA,NA,,
8271,NO,0,1,TORQUHAN,6,06/06/2017,6,17,157,0,SUMMER,NA,NA,NA,NA,,
8272,NO,0,1,TORQUHAN,6,07/06/2017,7,17,158,0,SUMMER,NA,NA,NA,NA,,
8273,NO,0,1,TORQUHAN,6,08/06/2017,8,17,159,0,SUMMER,NA,NA,NA,NA,,
8274,O,1,1,TORQUHAN,6,09/06/2017,9,17,160,0,SUMMER,NA,NA,NA,NA,,
8275,NO,0,1,TORQUHAN,6,10/06/2017,10,17,161,0,SUMMER,NA,NA,NA,NA,,
8276,NO,0,1,TORQUHAN,6,11/06/2017,11,17,162,0,SUMMER,NA,NA,NA,NA,,
8277,NO,0,1,TORQUHAN,6,12/06/2017,12,17,163,0,SUMMER,NA,NA,NA,NA,,
8278,NO,0,1,TORQUHAN,6,13/06/2017,13,17,164,0,SUMMER,NA,NA,NA,NA,,
8279,NO,0,1,TORQUHAN,6,14/06/2017,14,17,165,0,SUMMER,NA,NA,NA,NA,,
8280,NO,0,1,TORQUHAN,6,15/06/2017,15,17,166,0,SUMMER,NA,NA,NA,NA,,
8281,O,1,1,TORQUHAN,6,16/06/2017,16,17,167,0,SUMMER,NA,NA,NA,NA,,
8282,NO,0,1,TORQUHAN,6,17/06/2017,17,17,168,0,SUMMER,NA,NA,NA,NA,,
8283,NO,0,1,TORQUHAN,6,18/06/2017,18,17,169,0,SUMMER,NA,NA,NA,NA,,
8284,NO,0,1,TORQUHAN,6,19/06/2017,19,17,170,0,SUMMER,NA,NA,NA,NA,,
8285,NO,0,1,TORQUHAN,6,20/06/2017,20,17,171,0,SUMMER,NA,NA,NA,NA,,
8286,NO,0,1,TORQUHAN,6,21/06/2017,21,17,172,0,SUMMER,NA,NA,NA,NA,,
8287,NO,0,1,TORQUHAN,6,22/06/2017,22,17,173,0,SUMMER,NA,NA,NA,NA,,
8288,NO,0,1,TORQUHAN,6,23/06/2017,23,17,174,0,SUMMER,NA,NA,NA,NA,,
8289,O,1,1,TORQUHAN,6,24/06/2017,24,17,175,0,SUMMER,NA,NA,NA,NA,,
8290,NO,0,1,TORQUHAN,6,25/06/2017,25,17,176,0,SUMMER,NA,NA,NA,NA,,
8291,NO,0,1,TORQUHAN,6,26/06/2017,26,17,177,0,SUMMER,NA,NA,NA,NA,,
8292,NO,0,1,TORQUHAN,6,27/06/2017,27,17,178,0,SUMMER,NA,NA,NA,NA,,
8293,NO,0,1,TORQUHAN,6,28/06/2017,28,17,179,0,SUMMER,NA,NA,NA,NA,,
8294,NO,0,1,TORQUHAN,6,29/06/2017,29,17,180,0,SUMMER,NA,NA,NA,NA,,
8295,O,1,1,TORQUHAN,6,30/06/2017,30,17,181,0,SUMMER,NA,NA,NA,NA,,
8296,NO,0,1,TORQUHAN,7,01/07/2017,1,17,182,0,SUMMER,NA,NA,NA,NA,,
8297,O,1,1,TORQUHAN,7,02/07/2017,2,17,183,0,SUMMER,NA,NA,NA,NA,,
8298,NO,0,1,TORQUHAN,7,03/07/2017,3,17,184,0,SUMMER,NA,NA,NA,NA,,
8299,NO,0,1,TORQUHAN,7,04/07/2017,4,17,185,0,SUMMER,NA,NA,NA,NA,,
8300,NO,0,1,TORQUHAN,7,05/07/2017,5,17,186,0,SUMMER,NA,NA,NA,NA,,
8301,NO,0,1,TORQUHAN,7,06/07/2017,6,17,187,0,SUMMER,NA,NA,NA,NA,,
8302,NO,0,1,TORQUHAN,7,07/07/2017,7,17,188,0,SUMMER,NA,NA,NA,NA,,
8303,NO,0,1,TORQUHAN,7,08/07/2017,8,17,189,0,SUMMER,NA,NA,NA,NA,,
8304,NO,0,1,TORQUHAN,7,09/07/2017,9,17,190,0,SUMMER,NA,NA,NA,NA,,
8305,NO,0,1,TORQUHAN,7,10/07/2017,10,17,191,0,SUMMER,NA,NA,NA,NA,,
8306,NO,0,1,TORQUHAN,7,11/07/2017,11,17,192,0,SUMMER,NA,NA,NA,NA,,
8307,NO,0,1,TORQUHAN,7,12/07/2017,12,17,193,0,SUMMER,NA,NA,NA,NA,,
8308,NO,0,1,TORQUHAN,7,13/07/2017,13,17,194,0,SUMMER,NA,NA,NA,NA,,
8309,NO,0,1,TORQUHAN,7,14/07/2017,14,17,195,0,SUMMER,NA,NA,NA,NA,,
8310,NO,0,1,TORQUHAN,7,15/07/2017,15,17,196,0,SUMMER,NA,NA,NA,NA,,
8311,NO,0,1,TORQUHAN,7,16/07/2017,16,17,197,0,SUMMER,NA,NA,NA,NA,,
8312,NO,0,1,TORQUHAN,7,17/07/2017,17,17,198,0,SUMMER,NA,NA,NA,NA,,
8313,NO,0,1,TORQUHAN,7,18/07/2017,18,17,199,0,SUMMER,NA,NA,NA,NA,,
8314,NO,0,1,TORQUHAN,7,19/07/2017,19,17,200,0,SUMMER,NA,NA,NA,NA,,
8315,NO,0,1,TORQUHAN,7,20/07/2017,20,17,201,0,SUMMER,NA,NA,NA,NA,,
8316,NO,0,1,TORQUHAN,7,21/07/2017,21,17,202,0,SUMMER,NA,NA,NA,NA,,
8317,NO,0,1,TORQUHAN,7,22/07/2017,22,17,203,0,SUMMER,NA,NA,NA,NA,,
8318,NO,0,1,TORQUHAN,7,23/07/2017,23,17,204,0,SUMMER,NA,NA,NA,NA,,
8319,NO,0,1,TORQUHAN,7,24/07/2017,24,17,205,0,SUMMER,NA,NA,NA,NA,,
8320,NO,0,1,TORQUHAN,7,25/07/2017,25,17,206,0,SUMMER,NA,NA,NA,NA,,
8321,NO,0,1,TORQUHAN,7,26/07/2017,26,17,207,0,SUMMER,NA,NA,NA,NA,,
8322,NO,0,1,TORQUHAN,7,27/07/2017,27,17,208,0,SUMMER,NA,NA,NA,NA,,
8323,NO,0,1,TORQUHAN,7,28/07/2017,28,17,209,0,SUMMER,NA,NA,NA,NA,,
8324,NO,0,1,TORQUHAN,7,29/07/2017,29,17,210,0,SUMMER,NA,NA,NA,NA,,
8325,NO,0,1,TORQUHAN,7,30/07/2017,30,17,211,0,SUMMER,NA,NA,NA,NA,,
8326,NO,0,1,TORQUHAN,7,31/07/2017,31,17,212,0,SUMMER,NA,NA,NA,NA,,
8327,NO,0,1,TORQUHAN,8,01/08/2017,1,17,213,0,SUMMER,NA,NA,NA,NA,,
8328,NO,0,1,TORQUHAN,8,02/08/2017,2,17,214,0,SUMMER,NA,NA,NA,NA,,
8329,NO,0,1,TORQUHAN,8,03/08/2017,3,17,215,0,SUMMER,NA,NA,NA,NA,,
8330,NO,0,1,TORQUHAN,8,04/08/2017,4,17,216,0,SUMMER,NA,NA,NA,NA,,
8331,NO,0,1,TORQUHAN,8,05/08/2017,5,17,217,0,SUMMER,NA,NA,NA,NA,,
8332,NO,0,1,TORQUHAN,8,06/08/2017,6,17,218,0,SUMMER,NA,NA,NA,NA,,
8333,NO,0,1,TORQUHAN,8,07/08/2017,7,17,219,0,SUMMER,NA,NA,NA,NA,,
8334,NO,0,1,TORQUHAN,8,08/08/2017,8,17,220,0,SUMMER,NA,NA,NA,NA,,
8335,NO,0,1,TORQUHAN,8,09/08/2017,9,17,221,0,SUMMER,NA,NA,NA,NA,,
8336,GAP.NO.CAMS,GAP,0,TORQUHAN,8,10/08/2017,10,17,222,0,SUMMER,NA,NA,NA,NA,,
8337,GAP.NO.CAMS,GAP,0,TORQUHAN,8,11/08/2017,11,17,223,0,SUMMER,NA,NA,NA,NA,,
8338,GAP.NO.CAMS,GAP,0,TORQUHAN,8,12/08/2017,12,17,224,0,SUMMER,NA,NA,NA,NA,,
8339,GAP.NO.CAMS,GAP,0,TORQUHAN,8,13/08/2017,13,17,225,0,SUMMER,NA,NA,NA,NA,,
8340,GAP.NO.CAMS,GAP,0,TORQUHAN,8,14/08/2017,14,17,226,0,SUMMER,NA,NA,NA,NA,,
8341,GAP.NO.CAMS,GAP,0,TORQUHAN,8,15/08/2017,15,17,227,0,SUMMER,NA,NA,NA,NA,,
8342,GAP.NO.CAMS,GAP,0,TORQUHAN,8,16/08/2017,16,17,228,0,SUMMER,NA,NA,NA,NA,,
8343,GAP.NO.CAMS,GAP,0,TORQUHAN,8,17/08/2017,17,17,229,0,SUMMER,NA,NA,NA,NA,,
8344,GAP.NO.CAMS,GAP,0,TORQUHAN,8,18/08/2017,18,17,230,0,SUMMER,NA,NA,NA,NA,,
8345,GAP.NO.CAMS,GAP,0,TORQUHAN,8,19/08/2017,19,17,231,0,SUMMER,NA,NA,NA,NA,,
8346,GAP.NO.CAMS,GAP,0,TORQUHAN,8,20/08/2017,20,17,232,0,SUMMER,NA,NA,NA,NA,,
8347,GAP.NO.CAMS,GAP,0,TORQUHAN,8,21/08/2017,21,17,233,0,SUMMER,NA,NA,NA,NA,,
8348,GAP.NO.CAMS,GAP,0,TORQUHAN,8,22/08/2017,22,17,234,0,SUMMER,NA,NA,NA,NA,,
8349,GAP.NO.CAMS,GAP,0,TORQUHAN,8,23/08/2017,23,17,235,0,SUMMER,NA,NA,NA,NA,,
8350,GAP.NO.CAMS,GAP,0,TORQUHAN,8,24/08/2017,24,17,236,0,SUMMER,NA,NA,NA,NA,,
8351,GAP.NO.CAMS,GAP,0,TORQUHAN,8,25/08/2017,25,17,237,0,SUMMER,NA,NA,NA,NA,,
8352,GAP.NO.CAMS,GAP,0,TORQUHAN,8,26/08/2017,26,17,238,0,SUMMER,NA,NA,NA,NA,,
8353,GAP.NO.CAMS,GAP,0,TORQUHAN,8,27/08/2017,27,17,239,0,SUMMER,NA,NA,NA,NA,,
8354,GAP.NO.CAMS,GAP,0,TORQUHAN,8,28/08/2017,28,17,240,0,SUMMER,NA,NA,NA,NA,,
8355,GAP.NO.CAMS,GAP,0,TORQUHAN,8,29/08/2017,29,17,241,0,SUMMER,NA,NA,NA,NA,,
8356,GAP.NO.CAMS,GAP,0,TORQUHAN,8,30/08/2017,30,17,242,0,SUMMER,NA,NA,NA,NA,,
8357,GAP.NO.CAMS,GAP,0,TORQUHAN,8,31/08/2017,31,17,243,0,SUMMER,NA,NA,NA,NA,,
8358,GAP.NO.CAMS,GAP,0,TORQUHAN,9,01/09/2017,1,17,244,0,AUTUMN,NA,NA,NA,NA,,
8359,GAP.NO.CAMS,GAP,0,TORQUHAN,9,02/09/2017,2,17,245,0,AUTUMN,NA,NA,NA,NA,,
8360,GAP.NO.CAMS,GAP,0,TORQUHAN,9,03/09/2017,3,17,246,0,AUTUMN,NA,NA,NA,NA,,
8361,GAP.NO.CAMS,GAP,0,TORQUHAN,9,04/09/2017,4,17,247,0,AUTUMN,NA,NA,NA,NA,,
8362,GAP.NO.CAMS,GAP,0,TORQUHAN,9,05/09/2017,5,17,248,0,AUTUMN,NA,NA,NA,NA,,
8363,GAP.NO.CAMS,GAP,0,TORQUHAN,9,06/09/2017,6,17,249,0,AUTUMN,NA,NA,NA,NA,,
8364,GAP.NO.CAMS,GAP,0,TORQUHAN,9,07/09/2017,7,17,250,0,AUTUMN,NA,NA,NA,NA,,
8365,NO,0,1,TORQUHAN,9,08/09/2017,8,17,251,0,AUTUMN,NA,NA,NA,NA,,
8366,NO,0,1,TORQUHAN,9,09/09/2017,9,17,252,0,AUTUMN,NA,NA,NA,NA,,
8367,NO,0,1,TORQUHAN,9,10/09/2017,10,17,253,0,AUTUMN,NA,NA,NA,NA,,
8368,NO,0,1,TORQUHAN,9,11/09/2017,11,17,254,0,AUTUMN,NA,NA,NA,NA,,
8369,NO,0,1,TORQUHAN,9,12/09/2017,12,17,255,0,AUTUMN,NA,NA,NA,NA,,
8370,NO,0,1,TORQUHAN,9,13/09/2017,13,17,256,0,AUTUMN,NA,NA,NA,NA,,
8371,NO,0,1,TORQUHAN,9,14/09/2017,14,17,257,0,AUTUMN,NA,NA,NA,NA,,
8372,NO,0,1,TORQUHAN,9,15/09/2017,15,17,258,0,AUTUMN,NA,NA,NA,NA,,
8373,NO,0,1,TORQUHAN,9,16/09/2017,16,17,259,0,AUTUMN,NA,NA,NA,NA,,
8374,NO,0,1,TORQUHAN,9,17/09/2017,17,17,260,0,AUTUMN,NA,NA,NA,NA,,
8375,O,1,1,TORQUHAN,9,18/09/2017,18,17,261,0,AUTUMN,NA,NA,NA,NA,,
8376,NO,0,1,TORQUHAN,9,19/09/2017,19,17,262,0,AUTUMN,NA,NA,NA,NA,,
8377,NO,0,1,TORQUHAN,9,20/09/2017,20,17,263,0,AUTUMN,NA,NA,NA,NA,,
8378,NO,0,1,TORQUHAN,9,21/09/2017,21,17,264,0,AUTUMN,NA,NA,NA,NA,,
8379,NO,0,1,TORQUHAN,9,22/09/2017,22,17,265,0,AUTUMN,NA,NA,NA,NA,,
8380,NO,0,1,TORQUHAN,9,23/09/2017,23,17,266,0,AUTUMN,NA,NA,NA,NA,,
8381,O,1,1,TORQUHAN,9,24/09/2017,24,17,267,0,AUTUMN,NA,NA,NA,NA,,
8382,NO,0,1,TORQUHAN,9,25/09/2017,25,17,268,0,AUTUMN,NA,NA,NA,NA,,
8383,NO,0,1,TORQUHAN,9,26/09/2017,26,17,269,0,AUTUMN,NA,NA,NA,NA,,
8384,NO,0,1,TORQUHAN,9,27/09/2017,27,17,270,0,AUTUMN,NA,NA,NA,NA,,
8385,NO,0,1,TORQUHAN,9,28/09/2017,28,17,271,0,AUTUMN,NA,NA,NA,NA,,
8386,O,1,1,TORQUHAN,9,29/09/2017,29,17,272,0,AUTUMN,NA,NA,NA,NA,,
8389,NO,0,1,TORQUHAN,9,30/09/2017,30,17,273,0,AUTUMN,NA,NA,NA,NA,,
8390,NO,0,1,TORQUHAN,10,01/10/2017,1,17,274,0,AUTUMN,NA,NA,NA,NA,,
8391,NO,0,1,TORQUHAN,10,02/10/2017,2,17,275,0,AUTUMN,NA,NA,NA,NA,,
8392,NO,0,1,TORQUHAN,10,03/10/2017,3,17,276,0,AUTUMN,NA,NA,NA,NA,,
8393,NO,0,1,TORQUHAN,10,04/10/2017,4,17,277,0,AUTUMN,NA,NA,NA,NA,,
8394,O,1,1,TORQUHAN,10,05/10/2017,5,17,278,0,AUTUMN,NA,NA,NA,NA,,
8396,NO,0,1,TORQUHAN,10,06/10/2017,6,17,279,0,AUTUMN,NA,NA,NA,NA,,
8397,NO,0,1,TORQUHAN,10,07/10/2017,7,17,280,0,AUTUMN,NA,NA,NA,NA,,
8398,NO,0,1,TORQUHAN,10,08/10/2017,8,17,281,0,AUTUMN,NA,NA,NA,NA,,
8399,NO,0,1,TORQUHAN,10,09/10/2017,9,17,282,0,AUTUMN,NA,NA,NA,NA,,
8400,NO,0,1,TORQUHAN,10,10/10/2017,10,17,283,0,AUTUMN,NA,NA,NA,NA,,
8401,NO,0,1,TORQUHAN,10,11/10/2017,11,17,284,0,AUTUMN,NA,NA,NA,NA,,
8402,NO,0,1,TORQUHAN,10,12/10/2017,12,17,285,0,AUTUMN,NA,NA,NA,NA,,
8403,NO,0,1,TORQUHAN,10,13/10/2017,13,17,286,0,AUTUMN,NA,NA,NA,NA,,
8404,NO,0,1,TORQUHAN,10,14/10/2017,14,17,287,0,AUTUMN,NA,NA,NA,NA,,
8405,NO,0,1,TORQUHAN,10,15/10/2017,15,17,288,0,AUTUMN,NA,NA,NA,NA,,
8406,NO,0,1,TORQUHAN,10,16/10/2017,16,17,289,0,AUTUMN,NA,NA,NA,NA,,
8407,NO,0,1,TORQUHAN,10,17/10/2017,17,17,290,0,AUTUMN,NA,NA,NA,NA,,
8408,NO,0,1,TORQUHAN,10,18/10/2017,18,17,291,0,AUTUMN,NA,NA,NA,NA,,
8409,NO,0,1,TORQUHAN,10,19/10/2017,19,17,292,0,AUTUMN,NA,NA,NA,NA,,
8410,NO,0,1,TORQUHAN,10,20/10/2017,20,17,293,0,AUTUMN,NA,NA,NA,NA,,
8411,NO,0,1,TORQUHAN,10,21/10/2017,21,17,294,0,AUTUMN,NA,NA,NA,NA,,
8412,NO,0,1,TORQUHAN,10,22/10/2017,22,17,295,0,AUTUMN,NA,NA,NA,NA,,
8413,NO,0,1,TORQUHAN,10,23/10/2017,23,17,296,0,AUTUMN,NA,NA,NA,NA,,
8414,NO,0,1,TORQUHAN,10,24/10/2017,24,17,297,0,AUTUMN,NA,NA,NA,NA,,
8415,NO,0,1,TORQUHAN,10,25/10/2017,25,17,298,0,AUTUMN,NA,NA,NA,NA,,
8416,NO,0,1,TORQUHAN,10,26/10/2017,26,17,299,0,AUTUMN,NA,NA,NA,NA,,
8417,NO,0,1,TORQUHAN,10,27/10/2017,27,17,300,0,AUTUMN,NA,NA,NA,NA,,
8418,NO,0,1,TORQUHAN,10,28/10/2017,28,17,301,0,AUTUMN,NA,NA,NA,NA,,
8419,NO,0,1,TORQUHAN,10,29/10/2017,29,17,302,0,AUTUMN,NA,NA,NA,NA,,
8420,NO,0,1,TORQUHAN,10,30/10/2017,30,17,303,0,AUTUMN,NA,NA,NA,NA,,
8421,O,1,1,TORQUHAN,10,31/10/2017,31,17,304,0,AUTUMN,NA,NA,NA,NA,,
8422,NO,0,1,TORQUHAN,11,01/11/2017,1,17,305,0,AUTUMN,NA,NA,NA,NA,,
8423,NO,0,1,TORQUHAN,11,02/11/2017,2,17,306,0,AUTUMN,NA,NA,NA,NA,,
8424,NO,0,1,TORQUHAN,11,03/11/2017,3,17,307,0,AUTUMN,NA,NA,NA,NA,,
8425,NO,0,1,TORQUHAN,11,04/11/2017,4,17,308,0,AUTUMN,NA,NA,NA,NA,,
8426,NO,0,1,TORQUHAN,11,05/11/2017,5,17,309,0,AUTUMN,NA,NA,NA,NA,,
8427,NO,0,1,TORQUHAN,11,06/11/2017,6,17,310,0,AUTUMN,NA,NA,NA,NA,,
8428,NO,0,1,TORQUHAN,11,07/11/2017,7,17,311,0,AUTUMN,NA,NA,NA,NA,,
8429,NO,0,1,TORQUHAN,11,08/11/2017,8,17,312,0,AUTUMN,NA,NA,NA,NA,,
8430,NO,0,1,TORQUHAN,11,09/11/2017,9,17,313,0,AUTUMN,NA,NA,NA,NA,,
8431,NO,0,1,TORQUHAN,11,10/11/2017,10,17,314,0,AUTUMN,NA,NA,NA,NA,,
8432,NO,0,1,TORQUHAN,11,11/11/2017,11,17,315,0,AUTUMN,NA,NA,NA,NA,,
8433,NO,0,1,TORQUHAN,11,12/11/2017,12,17,316,0,AUTUMN,NA,NA,NA,NA,,
8434,NO,0,1,TORQUHAN,11,13/11/2017,13,17,317,0,AUTUMN,NA,NA,NA,NA,,
8435,NO,0,1,TORQUHAN,11,14/11/2017,14,17,318,0,AUTUMN,NA,NA,NA,NA,,
8436,O,1,1,TORQUHAN,11,15/11/2017,15,17,319,0,AUTUMN,NA,NA,NA,NA,,
8437,NO,0,1,TORQUHAN,11,16/11/2017,16,17,320,0,AUTUMN,NA,NA,NA,NA,,
8438,NO,0,1,TORQUHAN,11,17/11/2017,17,17,321,0,AUTUMN,NA,NA,NA,NA,,
8439,NO,0,1,TORQUHAN,11,18/11/2017,18,17,322,0,AUTUMN,NA,NA,NA,NA,,
8440,NO,0,1,TORQUHAN,11,19/11/2017,19,17,323,0,AUTUMN,NA,NA,NA,NA,,
8441,NO,0,1,TORQUHAN,11,20/11/2017,20,17,324,0,AUTUMN,NA,NA,NA,NA,,
8442,O,1,1,TORQUHAN,11,21/11/2017,21,17,325,0,AUTUMN,NA,NA,NA,NA,,
8444,NO,0,1,TORQUHAN,11,22/11/2017,22,17,326,0,AUTUMN,NA,NA,NA,NA,,
8445,O,1,1,TORQUHAN,11,23/11/2017,23,17,327,0,AUTUMN,NA,NA,NA,NA,,
8447,NO,0,1,TORQUHAN,11,24/11/2017,24,17,328,0,AUTUMN,NA,NA,NA,NA,,
8448,NO,0,1,TORQUHAN,11,25/11/2017,25,17,329,0,AUTUMN,NA,NA,NA,NA,,
8449,NO,0,1,TORQUHAN,11,26/11/2017,26,17,330,0,AUTUMN,NA,NA,NA,NA,,
8450,NO,0,1,TORQUHAN,11,27/11/2017,27,17,331,0,AUTUMN,NA,NA,NA,NA,,
8451,NO,0,1,TORQUHAN,11,28/11/2017,28,17,332,0,AUTUMN,NA,NA,NA,NA,,
8452,NO,0,1,TORQUHAN,11,29/11/2017,29,17,333,0,AUTUMN,NA,NA,NA,NA,,
8453,NO,0,1,TORQUHAN,11,30/11/2017,30,17,334,0,AUTUMN,NA,NA,NA,NA,,
8454,NO,0,1,TORQUHAN,12,01/12/2017,1,17,335,0,WINTER,1,1,NA,2,,
8455,NO,0,1,TORQUHAN,12,02/12/2017,2,17,336,0,WINTER,2,2,NA,2,,
8456,NO,0,1,TORQUHAN,12,03/12/2017,3,17,337,0,WINTER,3,3,NA,2,,
8457,NO,0,1,TORQUHAN,12,04/12/2017,4,17,338,0,WINTER,4,4,NA,2,,
8458,NO,0,1,TORQUHAN,12,05/12/2017,5,17,339,0,WINTER,5,5,NA,2,,
8459,NO,0,1,TORQUHAN,12,06/12/2017,6,17,340,0,WINTER,6,6,NA,2,,
8460,NO,0,1,TORQUHAN,12,07/12/2017,7,17,341,0,WINTER,7,7,NA,2,,
8461,NO,0,1,TORQUHAN,12,08/12/2017,8,17,342,0,WINTER,8,8,NA,2,,
8462,NO,0,1,TORQUHAN,12,09/12/2017,9,17,343,0,WINTER,9,9,NA,2,,
8463,NO,0,1,TORQUHAN,12,10/12/2017,10,17,344,0,WINTER,10,10,NA,2,,
8464,NO,0,1,TORQUHAN,12,11/12/2017,11,17,345,0,WINTER,11,11,NA,2,,
8465,NO,0,1,TORQUHAN,12,12/12/2017,12,17,346,0,WINTER,12,12,NA,2,,
8466,NO,0,1,TORQUHAN,12,13/12/2017,13,17,347,0,WINTER,13,13,NA,2,,
8467,NO,0,1,TORQUHAN,12,14/12/2017,14,17,348,0,WINTER,14,14,NA,2,,
8468,NO,0,1,TORQUHAN,12,15/12/2017,15,17,349,0,WINTER,15,15,NA,2,,
8469,NO,0,1,TORQUHAN,12,16/12/2017,16,17,350,0,WINTER,16,16,NA,2,,
8470,NO,0,1,TORQUHAN,12,17/12/2017,17,17,351,0,WINTER,17,17,NA,2,,
8471,O,1,1,TORQUHAN,12,18/12/2017,18,17,352,0,WINTER,18,18,NA,2,,
8473,NO,0,1,TORQUHAN,12,19/12/2017,19,17,353,0,WINTER,19,19,NA,2,,
8474,NO,0,1,TORQUHAN,12,20/12/2017,20,17,354,0,WINTER,20,20,NA,2,,
8475,NO,0,1,TORQUHAN,12,21/12/2017,21,17,355,0,WINTER,21,21,NA,2,,
8476,NO,0,1,TORQUHAN,12,22/12/2017,22,17,356,0,WINTER,22,22,NA,2,,
8477,NO,0,1,TORQUHAN,12,23/12/2017,23,17,357,0,WINTER,23,23,NA,2,,
8478,NO,0,1,TORQUHAN,12,24/12/2017,24,17,358,0,WINTER,24,24,NA,2,,
8479,NO,0,1,TORQUHAN,12,25/12/2017,25,17,359,0,WINTER,25,25,NA,2,,
8480,O,1,1,TORQUHAN,12,26/12/2017,26,17,360,0,WINTER,26,26,NA,2,,
8481,NO,0,1,TORQUHAN,12,27/12/2017,27,17,361,0,WINTER,27,27,NA,2,,
8482,NO,0,1,TORQUHAN,12,28/12/2017,28,17,362,0,WINTER,28,28,NA,2,,
8483,NO,0,1,TORQUHAN,12,29/12/2017,29,17,363,0,WINTER,29,29,NA,2,,
8484,NO,0,1,TORQUHAN,12,30/12/2017,30,17,364,0,WINTER,30,30,NA,2,,
8485,O,1,1,TORQUHAN,12,31/12/2017,31,17,365,0,WINTER,31,31,NA,2,,
8488,NO,0,1,TORQUHAN,1,01/01/2018,1,18,1,0,WINTER,32,32,NA,2,,
8489,NO,0,1,TORQUHAN,1,02/01/2018,2,18,2,0,WINTER,33,33,NA,2,,
8490,O,1,1,TORQUHAN,1,03/01/2018,3,18,3,0,WINTER,34,34,NA,2,,
8492,NO,0,1,TORQUHAN,1,04/01/2018,4,18,4,0,WINTER,35,35,NA,2,,
8493,NO,0,1,TORQUHAN,1,05/01/2018,5,18,5,0,WINTER,36,36,NA,2,,
8494,NO,0,1,TORQUHAN,1,06/01/2018,6,18,6,0,WINTER,37,37,NA,2,,
8495,NO,0,1,TORQUHAN,1,07/01/2018,7,18,7,0,WINTER,38,38,NA,2,,
8496,NO,0,1,TORQUHAN,1,08/01/2018,8,18,8,0,WINTER,39,39,NA,2,,
8497,NO,0,1,TORQUHAN,1,09/01/2018,9,18,9,0,WINTER,40,40,NA,2,,
8498,O,1,1,TORQUHAN,1,10/01/2018,10,18,10,0,WINTER,41,41,NA,2,,
8499,O,1,1,TORQUHAN,1,11/01/2018,11,18,11,0,WINTER,42,42,NA,2,,
8501,NO,0,1,TORQUHAN,1,12/01/2018,12,18,12,0,WINTER,43,43,NA,2,,
8502,NO,0,1,TORQUHAN,1,13/01/2018,13,18,13,0,WINTER,44,44,NA,2,,
8503,O,1,1,TORQUHAN,1,14/01/2018,14,18,14,0,WINTER,45,45,NA,2,,
8505,NO,0,1,TORQUHAN,1,15/01/2018,15,18,15,0,WINTER,46,46,NA,2,,
8506,NO,0,1,TORQUHAN,1,16/01/2018,16,18,16,0,WINTER,47,47,NA,2,,
8507,NO,0,1,TORQUHAN,1,17/01/2018,17,18,17,0,WINTER,48,48,NA,2,,
8508,O,1,1,TORQUHAN,1,18/01/2018,18,18,18,0,WINTER,49,49,NA,2,,
8510,NO,0,1,TORQUHAN,1,19/01/2018,19,18,19,0,WINTER,50,50,NA,2,,
8511,NO,0,1,TORQUHAN,1,20/01/2018,20,18,20,0,WINTER,51,51,NA,2,,
8512,NO,0,1,TORQUHAN,1,21/01/2018,21,18,21,0,WINTER,52,52,NA,2,,
8513,O,1,1,TORQUHAN,1,22/01/2018,22,18,22,0,WINTER,53,53,NA,2,,
8514,O,1,1,TORQUHAN,1,23/01/2018,23,18,23,0,WINTER,54,54,NA,2,,
8518,NO,0,1,TORQUHAN,1,24/01/2018,24,18,24,0,WINTER,55,55,NA,2,,
8519,NO,0,1,TORQUHAN,1,25/01/2018,25,18,25,0,WINTER,56,56,NA,2,,
8520,O,1,1,TORQUHAN,1,26/01/2018,26,18,26,0,WINTER,57,57,NA,2,,
8522,NO,0,1,TORQUHAN,1,27/01/2018,27,18,27,0,WINTER,58,58,NA,2,,
8523,NO,0,1,TORQUHAN,1,28/01/2018,28,18,28,0,WINTER,59,59,NA,2,,
8524,NO,0,1,TORQUHAN,1,29/01/2018,29,18,29,0,WINTER,60,60,NA,2,,
8525,NO,0,1,TORQUHAN,1,30/01/2018,30,18,30,0,WINTER,61,61,NA,2,,
8526,NO,0,1,TORQUHAN,1,31/01/2018,31,18,31,0,WINTER,62,62,NA,2,,
8527,NO,0,1,TORQUHAN,2,01/02/2018,1,18,32,0,WINTER,63,63,NA,2,,
8528,NO,0,1,TORQUHAN,2,02/02/2018,2,18,33,0,WINTER,64,64,NA,2,,
8529,NO,0,1,TORQUHAN,2,03/02/2018,3,18,34,0,WINTER,65,65,NA,2,,
8530,NO,0,1,TORQUHAN,2,04/02/2018,4,18,35,0,WINTER,66,66,NA,2,,
8531,NO,0,1,TORQUHAN,2,05/02/2018,5,18,36,0,WINTER,67,67,NA,2,,
8532,NO,0,1,TORQUHAN,2,06/02/2018,6,18,37,0,WINTER,68,68,NA,2,,
8533,NO,0,1,TORQUHAN,2,07/02/2018,7,18,38,0,WINTER,69,69,NA,2,,
8534,NO,0,1,TORQUHAN,2,08/02/2018,8,18,39,0,WINTER,70,70,NA,2,,
8535,NO,0,1,TORQUHAN,2,09/02/2018,9,18,40,0,WINTER,71,71,NA,2,,
8536,NO,0,1,TORQUHAN,2,10/02/2018,10,18,41,0,WINTER,72,72,NA,2,,
8537,O,1,1,TORQUHAN,2,11/02/2018,11,18,42,0,WINTER,73,73,NA,2,,
8539,NO,0,1,TORQUHAN,2,12/02/2018,12,18,43,0,WINTER,74,74,NA,2,,
8540,O,1,1,TORQUHAN,2,13/02/2018,13,18,44,0,WINTER,75,75,NA,2,,
8543,NO,0,1,TORQUHAN,2,14/02/2018,14,18,45,0,WINTER,76,76,NA,2,,
8544,NO,0,1,TORQUHAN,2,15/02/2018,15,18,46,0,WINTER,77,77,NA,2,,
8545,NO,0,1,TORQUHAN,2,16/02/2018,16,18,47,0,WINTER,78,78,NA,2,,
8546,NO,0,1,TORQUHAN,2,17/02/2018,17,18,48,0,WINTER,79,79,NA,2,,
8547,NO,0,1,TORQUHAN,2,18/02/2018,18,18,49,0,WINTER,80,80,NA,2,,
8548,NO,0,1,TORQUHAN,2,19/02/2018,19,18,50,0,WINTER,81,81,NA,2,,
8549,NO,0,1,TORQUHAN,2,20/02/2018,20,18,51,0,WINTER,82,82,NA,2,,
8550,NO,0,1,TORQUHAN,2,21/02/2018,21,18,52,0,WINTER,83,83,NA,2,,
8551,NO,0,1,TORQUHAN,2,22/02/2018,22,18,53,0,WINTER,84,84,NA,2,,
8552,NO,0,1,TORQUHAN,2,23/02/2018,23,18,54,0,WINTER,85,85,NA,2,,
8553,O,1,1,TORQUHAN,2,24/02/2018,24,18,55,0,WINTER,86,86,NA,2,,
8555,NO,0,1,TORQUHAN,2,25/02/2018,25,18,56,0,WINTER,87,87,NA,2,,
8556,NO,0,1,TORQUHAN,2,26/02/2018,26,18,57,0,WINTER,88,88,NA,2,,
8557,NO,0,1,TORQUHAN,2,27/02/2018,27,18,58,0,WINTER,89,89,NA,2,,
8558,NO,0,1,TORQUHAN,2,28/02/2018,28,18,59,0,WINTER,90,90,NA,2,,
8559,NO,0,1,TORQUHAN,3,01/03/2018,1,18,60,0,SPRING,91,NA,1,2,,
8560,NO,0,1,TORQUHAN,3,02/03/2018,2,18,61,0,SPRING,92,NA,2,2,,
8561,NO,0,1,TORQUHAN,3,03/03/2018,3,18,62,0,SPRING,93,NA,3,2,,
8562,NO,0,1,TORQUHAN,3,04/03/2018,4,18,63,0,SPRING,94,NA,4,2,,
8563,NO,0,1,TORQUHAN,3,05/03/2018,5,18,64,0,SPRING,95,NA,5,2,,
8564,O,1,1,TORQUHAN,3,06/03/2018,6,18,65,0,SPRING,96,NA,6,2,,
8566,NO,0,1,TORQUHAN,3,07/03/2018,7,18,66,0,SPRING,97,NA,7,2,,
8567,NO,0,1,TORQUHAN,3,08/03/2018,8,18,67,0,SPRING,98,NA,8,2,,
8568,NO,0,1,TORQUHAN,3,09/03/2018,9,18,68,0,SPRING,99,NA,9,2,,
8569,NO,0,1,TORQUHAN,3,10/03/2018,10,18,69,0,SPRING,100,NA,10,2,,
8570,O,1,1,TORQUHAN,3,11/03/2018,11,18,70,0,SPRING,101,NA,11,2,,
8574,REST,,1,TORQUHAN,3,12/03/2018,12,18,71,1,SPRING,102,NA,12,2,,
8577,O,1,1,TORQUHAN,3,13/03/2018,13,18,72,0,SPRING,103,NA,13,2,,
8581,NO,0,1,TORQUHAN,3,14/03/2018,14,18,73,0,SPRING,104,NA,14,2,,
8582,NO,0,1,TORQUHAN,3,15/03/2018,15,18,74,0,SPRING,105,NA,15,2,,
8583,NO,0,1,TORQUHAN,3,16/03/2018,16,18,75,0,SPRING,106,NA,16,2,,
8584,NO,0,1,TORQUHAN,3,17/03/2018,17,18,76,0,SPRING,107,NA,17,2,,
8585,O,1,1,TORQUHAN,3,18/03/2018,18,18,77,0,SPRING,108,NA,18,2,,
8587,NO,0,1,TORQUHAN,3,19/03/2018,19,18,78,0,SPRING,109,NA,19,2,,
8588,NO,0,1,TORQUHAN,3,20/03/2018,20,18,79,0,SPRING,110,NA,20,2,,
8589,NO,0,1,TORQUHAN,3,21/03/2018,21,18,80,0,SPRING,111,NA,21,2,,
8590,NO,0,1,TORQUHAN,3,22/03/2018,22,18,81,0,SPRING,112,NA,22,2,,
8591,O,1,1,TORQUHAN,3,23/03/2018,23,18,82,0,SPRING,113,NA,23,2,,
8596,O,1,1,TORQUHAN,3,24/03/2018,24,18,83,0,SPRING,114,NA,24,2,,
8599,NO,0,1,TORQUHAN,3,25/03/2018,25,18,84,0,SPRING,115,NA,25,2,,
8600,NO,0,1,TORQUHAN,3,26/03/2018,26,18,85,0,SPRING,116,NA,26,2,,
8601,O,1,1,TORQUHAN,3,27/03/2018,27,18,86,0,SPRING,117,NA,27,2,,
8603,O,1,1,TORQUHAN,3,28/03/2018,28,18,87,0,SPRING,118,NA,28,2,,
8604,NO,0,1,TORQUHAN,3,29/03/2018,29,18,88,0,SPRING,119,NA,29,2,,
8605,NO,0,1,TORQUHAN,3,30/03/2018,30,18,89,0,SPRING,120,NA,30,2,,
8606,NO,0,1,TORQUHAN,3,31/03/2018,31,18,90,0,SPRING,121,NA,31,2,,
8607,NO,0,1,TORQUHAN,4,01/04/2018,1,18,91,0,SPRING,122,NA,32,2,,
8608,O,1,1,TORQUHAN,4,02/04/2018,2,18,92,0,SPRING,123,NA,33,2,,
8610,O,1,1,TORQUHAN,4,03/04/2018,3,18,93,0,SPRING,124,NA,34,2,,
8612,NO,0,1,TORQUHAN,4,04/04/2018,4,18,94,0,SPRING,125,NA,35,2,,
8613,NO,0,1,TORQUHAN,4,05/04/2018,5,18,95,0,SPRING,126,NA,36,2,,
8614,NO,0,1,TORQUHAN,4,06/04/2018,6,18,96,0,SPRING,127,NA,37,2,,
8615,O,1,1,TORQUHAN,4,07/04/2018,7,18,97,0,SPRING,128,NA,38,2,,
8619,NO,0,1,TORQUHAN,4,08/04/2018,8,18,98,0,SPRING,129,NA,39,2,,
8620,O,1,1,TORQUHAN,4,09/04/2018,9,18,99,0,SPRING,130,NA,40,2,,
8622,NO,0,1,TORQUHAN,4,10/04/2018,10,18,100,0,SPRING,131,NA,41,2,,
8623,O,1,1,TORQUHAN,4,11/04/2018,11,18,101,0,SPRING,132,NA,42,2,,
8625,NO,0,1,TORQUHAN,4,12/04/2018,12,18,102,0,SPRING,133,NA,43,2,,
8626,O,1,1,TORQUHAN,4,13/04/2018,13,18,103,0,SPRING,134,NA,44,2,,
8628,GAP.NO.CAMS,GAP,0,TORQUHAN,4,14/04/2018,14,18,104,0,SPRING,135,NA,45,2,,
8629,GAP.NO.CAMS,GAP,0,TORQUHAN,4,15/04/2018,15,18,105,0,SPRING,136,NA,46,2,,
8630,GAP.NO.CAMS,GAP,0,TORQUHAN,4,16/04/2018,16,18,106,0,SPRING,137,NA,47,2,,
8631,GAP.NO.CAMS,GAP,0,TORQUHAN,4,17/04/2018,17,18,107,0,SPRING,138,NA,48,2,,
8632,GAP.NO.CAMS,GAP,0,TORQUHAN,4,18/04/2018,18,18,108,0,SPRING,139,NA,49,2,,
8633,GAP.NO.CAMS,GAP,0,TORQUHAN,4,19/04/2018,19,18,109,0,SPRING,140,NA,50,2,,
8634,GAP.NO.CAMS,GAP,0,TORQUHAN,4,20/04/2018,20,18,110,0,SPRING,141,NA,51,2,,
8635,GAP.NO.CAMS,GAP,0,TORQUHAN,4,21/04/2018,21,18,111,0,SPRING,142,NA,52,2,,
8636,GAP.NO.CAMS,GAP,0,TORQUHAN,4,22/04/2018,22,18,112,0,SPRING,143,NA,53,2,,
8637,GAP.NO.CAMS,GAP,0,TORQUHAN,4,23/04/2018,23,18,113,0,SPRING,144,NA,54,2,,
8638,GAP.NO.CAMS,GAP,0,TORQUHAN,4,24/04/2018,24,18,114,0,SPRING,145,NA,55,2,,
8639,GAP.NO.CAMS,GAP,0,TORQUHAN,4,25/04/2018,25,18,115,0,SPRING,146,NA,56,2,,
8640,GAP.NO.CAMS,GAP,0,TORQUHAN,4,26/04/2018,26,18,116,0,SPRING,147,NA,57,2,,
8641,GAP.NO.CAMS,GAP,0,TORQUHAN,4,27/04/2018,27,18,117,0,SPRING,148,NA,58,2,,
8642,GAP.NO.CAMS,GAP,0,TORQUHAN,4,28/04/2018,28,18,118,0,SPRING,149,NA,59,2,,
8643,GAP.NO.CAMS,GAP,0,TORQUHAN,4,29/04/2018,29,18,119,0,SPRING,150,NA,60,2,,
8644,GAP.NO.CAMS,GAP,0,TORQUHAN,4,30/04/2018,30,18,120,0,SPRING,151,NA,61,2,,
8645,GAP.NO.CAMS,GAP,0,TORQUHAN,5,01/05/2018,1,18,121,0,SPRING,152,NA,62,2,,
8646,GAP.NO.CAMS,GAP,0,TORQUHAN,5,02/05/2018,2,18,122,0,SPRING,153,NA,63,2,,
8647,GAP.NO.CAMS,GAP,0,TORQUHAN,5,03/05/2018,3,18,123,0,SPRING,154,NA,64,2,, 
8648,NO,0,1,TORQUHAN,5,04/05/2018,4,18,124,0,SPRING,155,NA,65,2,,
8649,NO,0,1,TORQUHAN,5,05/05/2018,5,18,125,0,SPRING,156,NA,66,2,,
8650,NO,0,1,TORQUHAN,5,06/05/2018,6,18,126,0,SPRING,157,NA,67,2,,
8651,NO,0,1,TORQUHAN,5,07/05/2018,7,18,127,0,SPRING,158,NA,68,2,,
8652,NO,0,1,TORQUHAN,5,08/05/2018,8,18,128,0,SPRING,159,NA,69,2,,
8653,NO,0,1,TORQUHAN,5,09/05/2018,9,18,129,0,SPRING,160,NA,70,2,,
8654,NO,0,1,TORQUHAN,5,10/05/2018,10,18,130,0,SPRING,161,NA,71,2,,
8655,NO,0,1,TORQUHAN,5,11/05/2018,11,18,131,0,SPRING,162,NA,72,2,,
8656,NO,0,1,TORQUHAN,5,12/05/2018,12,18,132,0,SPRING,163,NA,73,2,,
8657,NO,0,1,TORQUHAN,5,13/05/2018,13,18,133,0,SPRING,164,NA,74,2,,
8658,NO,0,1,TORQUHAN,5,14/05/2018,14,18,134,0,SPRING,165,NA,75,2,,
8659,NO,0,1,TORQUHAN,5,15/05/2018,15,18,135,0,SPRING,166,NA,76,2,,
8660,NO,0,1,TORQUHAN,5,16/05/2018,16,18,136,0,SPRING,167,NA,77,2,,
8661,NO,0,1,TORQUHAN,5,17/05/2018,17,18,137,0,SPRING,168,NA,78,2,,
8662,NO,0,1,TORQUHAN,5,18/05/2018,18,18,138,0,SPRING,169,NA,79,2,,
8663,NO,0,1,TORQUHAN,5,19/05/2018,19,18,139,0,SPRING,170,NA,80,2,,
8664,NO,0,1,TORQUHAN,5,20/05/2018,20,18,140,0,SPRING,171,NA,81,2,,
8665,NO,0,1,TORQUHAN,5,21/05/2018,21,18,141,0,SPRING,172,NA,82,2,,
8666,NO,0,1,TORQUHAN,5,22/05/2018,22,18,142,0,SPRING,173,NA,83,2,,
8667,NO,0,1,TORQUHAN,5,23/05/2018,23,18,143,0,SPRING,174,NA,84,2,,
8668,NO,0,1,TORQUHAN,5,24/05/2018,24,18,144,0,SPRING,175,NA,85,2,,
8669,NO,0,1,TORQUHAN,5,25/05/2018,25,18,145,0,SPRING,176,NA,86,2,,
8670,NO,0,1,TORQUHAN,5,26/05/2018,26,18,146,0,SPRING,177,NA,87,2,,
8671,NO,0,1,TORQUHAN,5,27/05/2018,27,18,147,0,SPRING,178,NA,88,2,,
